Customer ID,Total_Orders,Total_Profit,Sales,Avg_Discount,Segment,Region
AA-10315,11,-362.8825,5563.56,0.09090909090909091,Consumer,Central
AA-10375,15,277.3824,1056.39,0.08000000000000002,Consumer,West
AA-10480,12,435.8274,1790.5120000000002,0.016666666666666666,Consumer,South
AA-10645,18,857.8033,5086.9349999999995,0.06388888888888888,Consumer,East
AB-10015,6,129.3465,886.156,0.06666666666666667,Consumer,West
AB-10060,18,2054.5885,7755.62,0.044444444444444446,Home Office,East
AB-10105,20,5444.8055,14473.570999999998,0.24,Consumer,West
AB-10150,12,313.6597,966.71,0.13333333333333333,Consumer,East
AB-10165,14,220.813,1113.838,0.13571428571428573,Consumer,West
AB-10255,14,264.5675,914.5319999999999,0.1,Home Office,East
AB-10600,8,-274.9604,1515.862,0.375,Corporate,West
AC-10420,5,-62.1342,925.8,0.32,Corporate,West
AC-10450,9,1366.0098,5527.846,0.18888888888888888,Consumer,Central
AC-10615,18,298.8273,2537.6859999999997,0.1111111111111111,Corporate,East
AC-10660,6,-28.700399999999995,657.316,0.18333333333333335,Consumer,Central
AD-10180,12,1869.9294,6106.88,0.05833333333333333,Home Office,Central
AF-10870,16,317.9712,2052.908,0.2,Consumer,Central
AF-10885,7,-163.1175,861.565,0.2571428571428572,Consumer,South
AG-10270,14,732.7399,2582.898,0.014285714285714287,Consumer,West
AG-10300,5,59.288399999999996,367.548,0.08,Corporate,West
AG-10330,9,-5.137100000000006,660.972,0.23333333333333334,Consumer,West
AG-10390,8,69.2784,200.945,0.22499999999999998,Consumer,East
AG-10495,21,295.6668,2356.855,0.20476190476190476,Corporate,East
AG-10525,9,-152.7613,1455.038,0.15555555555555556,Corporate,South
AG-10675,15,-246.42570000000003,3489.0396000000005,0.16133333333333333,Consumer,Central
AG-10765,5,-8.431000000000001,170.584,0.45999999999999996,Home Office,East
AG-10900,21,343.6824,4510.797,0.16666666666666666,Consumer,West
AH-10030,11,365.2152,1744.7,0.09090909090909091,Corporate,East
AH-10075,20,281.189,3250.337,0.135,Corporate,East
AH-10120,16,-2.3145999999999773,1735.5140000000001,0.23750000000000002,Home Office,West
AH-10195,8,-378.5509,1587.452,0.35,Corporate,South
AH-10210,13,1308.5546,4805.344,0.09230769230769233,Consumer,West
AH-10465,8,-196.12009999999998,2495.3916,0.14,Consumer,East
AH-10585,5,83.96300000000001,738.504,0.12000000000000002,Consumer,Central
AH-10690,23,1298.0166,7888.294,0.21739130434782608,Corporate,East
AI-10855,18,867.7271000000001,4375.786,0.07222222222222223,Consumer,East
AJ-10780,15,150.71300000000005,4867.344,0.08666666666666667,Corporate,South
AJ-10795,21,1158.7064,4501.391,0.08333333333333333,Corporate,South
AJ-10945,10,521.1351999999999,1839.24,0.04,Consumer,South
AJ-10960,5,60.4265,629.2479999999999,0.04,Consumer,East
AM-10360,12,194.9878,814.012,0.125,Corporate,Central
AM-10705,22,1085.7326,5664.022,0.06363636363636363,Consumer,South
AO-10810,1,12.096,161.28,0.2,Corporate,West
AP-10720,19,285.7888,1638.554,0.1631578947368421,Home Office,East
AP-10915,31,579.3113,3323.556,0.09354838709677421,Consumer,South
AR-10345,5,-221.0544,1055.694,0.26,Corporate,East
AR-10405,7,-98.7646,2236.128,0.09999999999999999,Corporate,East
AR-10510,7,43.6695,264.86400000000003,0.21428571428571427,Consumer,East
AR-10540,9,2884.6208,6608.448,0.06666666666666668,Consumer,East
AR-10570,2,32.633,88.15,0.0,Consumer,South
AR-10825,13,494.83519999999993,4523.336,0.07692307692307693,Corporate,West
AS-10045,10,-253.57459999999998,3050.692,0.355,Corporate,South
AS-10090,25,64.53739999999998,3255.31,0.18,Consumer,South
AS-10135,3,21.8496,58.82,0.06666666666666667,Home Office,East
AS-10225,13,719.7751000000001,4260.784,0.06153846153846154,Corporate,East
AS-10240,13,33.715799999999994,584.6080000000001,0.2692307692307692,Consumer,South
AS-10285,8,354.62760000000003,3214.236,0.225,Corporate,West
AS-10630,12,136.49190000000002,833.398,0.18333333333333335,Home Office,Central
AT-10435,9,100.87680000000002,1171.814,0.19999999999999998,Home Office,West
AT-10735,16,974.107,3831.864,0.08750000000000001,Consumer,West
AW-10840,8,65.77250000000001,649.376,0.2,Consumer,Central
AW-10930,16,-104.5486,2852.968,0.30625,Home Office,Central
AY-10555,10,103.3499,497.014,0.1,Corporate,West
AZ-10750,12,154.9503,1622.0179999999998,0.125,Consumer,East
BB-10990,8,11.583900000000007,744.3399999999999,0.2,Corporate,West
BB-11545,20,1015.0749999999999,6765.728,0.195,Corporate,Central
BC-11125,18,251.5974,2933.676,0.1111111111111111,Home Office,West
BD-11320,19,1094.5037,5718.521,0.07894736842105263,Consumer,West
BD-11500,10,1142.1225,4411.2429999999995,0.135,Consumer,Central
BD-11560,4,116.714,320.54,0.0,Home Office,West
BD-11605,20,634.8463,3288.471,0.0725,Consumer,East
BD-11620,8,206.75689999999997,1538.11,0.17500000000000002,Consumer,West
BD-11635,5,141.53400000000002,582.646,0.1,Consumer,South
BD-11725,10,333.9791,1526.5,0.02,Consumer,South
BD-11770,10,141.265,658.466,0.12000000000000002,Consumer,Central
BE-11335,9,1487.7739000000001,4204.676,0.022222222222222223,Home Office,Central
BE-11410,5,755.9150999999999,2261.438,0.16,Consumer,East
BE-11455,13,139.20080000000002,1727.652,0.14615384615384613,Home Office,Central
BF-10975,13,227.4384,599.798,0.14615384615384613,Corporate,South
BF-11005,10,-291.38109999999995,1333.88,0.18,Home Office,West
BF-11020,21,302.02,2888.506,0.2571428571428572,Corporate,Central
BF-11080,6,110.9272,272.95,0.0,Consumer,East
BF-11170,27,1538.2127,5907.972,0.12222222222222222,Home Office,West
BF-11215,8,523.2133,1585.162,0.05,Home Office,West
BF-11275,4,25.870199999999997,791.9899999999999,0.15000000000000002,Corporate,West
BG-11035,12,-711.4274,2798.948,0.19166666666666665,Consumer,South
BG-11695,8,107.5715,1874.172,0.1375,Corporate,East
BG-11740,7,119.34790000000001,1006.356,0.14285714285714285,Consumer,East
BH-11710,24,802.7898,6255.351,0.18333333333333335,Consumer,West
BK-11260,16,-63.764399999999995,659.1379999999999,0.20625000000000002,Consumer,East
BM-11140,16,-1659.9580999999998,11789.63,0.16875,Consumer,Central
BM-11575,10,95.58160000000001,808.162,0.18,Corporate,East
BM-11650,29,2199.2781,7294.185,0.08448275862068966,Corporate,East
BM-11785,14,137.7439,1338.842,0.25,Consumer,East
BN-11470,6,36.6131,265.296,0.16666666666666666,Corporate,South
BN-11515,17,340.7054,1459.344,0.023529411764705882,Consumer,West
BO-11350,12,278.77700000000004,2682.728,0.2333333333333333,Corporate,West
BO-11425,2,59.4522,130.83,0.0,Consumer,South
BP-11050,7,209.78300000000002,983.42,0.14285714285714285,Corporate,East
BP-11095,20,433.9751,2442.044,0.165,Corporate,Central
BP-11155,11,647.3847000000001,1697.8609999999999,0.0818181818181818,Consumer,South
BP-11185,18,363.5991,3675.861,0.19444444444444445,Corporate,West
BP-11230,6,-197.2695,1181.49,0.06666666666666667,Consumer,West
BP-11290,16,-319.0637,2475.157,0.3,Consumer,Central
BS-11365,9,2616.0643999999998,10501.653,0.011111111111111112,Corporate,East
BS-11380,13,-17.532200000000024,3887.834,0.27692307692307694,Corporate,Central
BS-11590,10,381.7807,2454.928,0.3,Corporate,West
BS-11665,11,238.73680000000002,3288.1099999999997,0.18181818181818182,Consumer,East
BS-11755,14,-113.29840000000003,2562.382,0.13214285714285715,Consumer,West
BS-11800,8,194.0516,949.4300000000001,0.0,Home Office,East
BT-11305,9,417.5918,2567.656,0.044444444444444446,Home Office,West
BT-11395,10,257.9163,2186.6130000000003,0.15,Corporate,Central
BT-11440,7,-77.5256,603.876,0.15714285714285717,Consumer,West
BT-11485,3,126.8694,415.19599999999997,0.06666666666666667,Home Office,East
BT-11530,10,409.4983,2684.4919999999997,0.1,Home Office,West
BT-11680,20,447.74839999999995,3196.752,0.07,Consumer,East
BV-11245,14,315.2214,1523.2730000000001,0.09285714285714285,Corporate,Central
BW-11065,3,-58.28659999999999,385.516,0.13333333333333333,Consumer,South
BW-11110,17,921.2574,4750.358,0.1411764705882353,Corporate,Central
BW-11200,10,246.9973,1738.406,0.15,Consumer,South
CA-11965,10,1143.3817,3789.7228,0.11200000000000002,Corporate,South
CA-12055,10,211.2559,1679.7240000000002,0.3,Home Office,Central
CA-12265,17,279.6183,2648.2872,0.18941176470588236,Consumer,Central
CA-12310,11,246.02179999999998,1421.954,0.11818181818181818,Corporate,East
CA-12775,17,204.48950000000002,3041.566,0.18823529411764706,Consumer,South
CB-12025,26,150.2089,6076.139,0.16346153846153846,Consumer,East
CB-12415,12,272.3883,1949.2,0.3333333333333333,Consumer,East
CB-12535,19,1049.5601,4246.4555,0.05,Corporate,South
CC-12100,13,208.5912,1770.945,0.21538461538461537,Home Office,Central
CC-12145,11,392.2825,2471.65,0.08181818181818182,Consumer,West
CC-12220,22,393.9618,3913.418,0.11818181818181818,Consumer,Central
CC-12370,11,2177.0493,12129.072000000002,0.2818181818181818,Consumer,South
CC-12430,19,424.6583,2870.05,0.05789473684210527,Home Office,Central
CC-12475,13,154.851,1659.438,0.16153846153846155,Consumer,East
CC-12550,4,33.870599999999996,113.832,0.15000000000000002,Consumer,West
CC-12610,12,331.434,2540.631,0.27499999999999997,Corporate,East
CC-12670,14,187.8399,2269.7015,0.16785714285714287,Consumer,East
CC-12685,12,850.1591,2854.1150000000002,0.25,Consumer,South
CD-11920,9,426.661,2033.968,0.044444444444444446,Consumer,West
CD-11980,6,-206.7172,639.766,0.43333333333333335,Consumer,Central
CD-12280,13,233.0274,1205.584,0.08461538461538462,Consumer,West
CD-12790,15,403.8422,1860.732,0.02666666666666667,Home Office,West
CG-12040,9,86.5106,904.4680000000001,0.18888888888888888,Home Office,East
CG-12520,5,169.93439999999998,1148.7800000000002,0.2,Consumer,South
CH-12070,4,195.15109999999999,1537.236,0.15000000000000002,Home Office,South
CJ-11875,1,1.652,16.52,0.2,Corporate,East
CJ-12010,20,858.7414,11164.974,0.1885,Consumer,West
CK-12205,32,141.2831,3154.855,0.234375,Consumer,East
CK-12325,12,261.22090000000003,2945.321,0.18333333333333335,Home Office,West
CK-12595,25,497.70980000000003,2372.75,0.184,Consumer,East
CK-12760,14,-338.4311,1582.109,0.15,Corporate,East
CL-11890,7,328.0847,1262.0140000000001,0.05714285714285715,Consumer,East
CL-12565,28,1933.7830999999999,10880.546,0.1142857142857143,Consumer,Central
CL-12700,8,229.00990000000002,2353.586,0.1875,Home Office,Central
CM-11815,10,214.463,1673.888,0.12000000000000002,Corporate,Central
CM-11935,4,-43.732400000000005,565.392,0.2,Consumer,South
CM-12115,7,409.0679,1661.6100000000001,0.028571428571428574,Consumer,East
CM-12160,7,-394.3686,2533.314,0.24285714285714285,Consumer,Central
CM-12190,7,91.2033,1475.144,0.07142857142857142,Consumer,East
CM-12235,8,365.0387,2305.712,0.07500000000000001,Consumer,Central
CM-12385,10,3899.8903999999998,8954.019999999999,0.12,Consumer,South
CM-12445,9,64.4296,287.99,0.07777777777777778,Consumer,West
CM-12655,10,1572.4585,6339.5576,0.072,Home Office,West
CM-12715,13,176.3108,3984.4524,0.30923076923076925,Corporate,Central
CP-12085,14,427.0258,5402.254,0.14285714285714285,Corporate,East
CP-12340,15,-1850.3029000000001,5888.275,0.21333333333333335,Corporate,East
CR-12580,6,74.40129999999999,2148.852,0.13333333333333333,Home Office,Central
CR-12625,4,144.7594,475.9,0.0,Home Office,East
CR-12730,6,306.9176,1600.55,0.26666666666666666,Consumer,East
CR-12820,7,83.27029999999999,1397.8724,0.13142857142857142,Home Office,East
CS-11845,8,185.3776,1278.954,0.275,Corporate,West
CS-11860,7,105.8275,537.632,0.2285714285714286,Consumer,South
CS-11950,22,-126.4223,3036.547,0.2636363636363636,Consumer,Central
CS-12130,7,143.8339,884.64,0.1142857142857143,Consumer,West
CS-12175,8,113.1405,844.4580000000001,0.1625,Corporate,South
CS-12250,28,738.3626,2754.216,0.05714285714285715,Corporate,South
CS-12355,22,831.9432,3202.1620000000003,0.08181818181818182,Consumer,South
CS-12400,14,-342.80330000000004,3651.8585000000003,0.21428571428571427,Home Office,Central
CS-12460,6,156.2593,550.644,0.06666666666666667,Consumer,South
CS-12490,9,-302.8761,1077.2285,0.25,Corporate,Central
CS-12505,9,-6626.389499999999,5690.054999999999,0.19999999999999998,Consumer,South
CT-11995,18,161.22629999999995,3241.898,0.16111111111111112,Consumer,Central
CV-12295,13,493.0861,2830.6279999999997,0.07692307692307693,Consumer,West
CV-12805,19,98.99749999999999,2370.3136,0.2431578947368421,Corporate,East
CW-11905,11,370.8298,1136.592,0.09090909090909091,Home Office,Central
CY-12745,11,60.64670000000001,2900.026,0.2,Corporate,West
Co-12640,8,205.62820000000002,1300.076,0.175,Consumer,East
DA-13450,8,56.7904,156.76,0.125,Home Office,Central
DB-12910,12,431.3748,2171.599,0.15416666666666667,Home Office,South
DB-12970,14,213.00289999999998,2839.2272,0.16571428571428573,Corporate,West
DB-13060,13,473.0272,4531.646,0.1846153846153846,Consumer,West
DB-13120,14,-1421.7692,2973.094,0.14285714285714285,Corporate,West
DB-13210,21,169.9679,2332.577,0.18571428571428572,Consumer,Central
DB-13270,13,841.8263999999999,4655.897,0.2076923076923077,Home Office,West
DB-13360,6,291.0085,1081.466,0.08333333333333333,Home Office,East
DB-13405,14,438.9092,1711.692,0.028571428571428574,Consumer,Central
DB-13555,14,109.32700000000001,3908.8028,0.15142857142857144,Corporate,South
DB-13615,11,438.80119999999994,1989.05,0.14545454545454548,Consumer,West
DB-13660,10,177.67350000000002,1155.202,0.16,Consumer,East
DC-12850,18,-1441.6312999999998,3336.168,0.21111111111111114,Consumer,South
DC-13285,7,132.06820000000002,1174.618,0.07857142857142858,Consumer,Central
DD-13570,9,36.4344,269.542,0.24444444444444446,Consumer,Central
DE-13255,9,464.47139999999996,2550.874,0.1111111111111111,Home Office,East
DF-13135,6,-259.3097,2390.534,0.2833333333333334,Consumer,West
DG-13300,8,562.7761,3195.818,0.1,Corporate,East
DH-13075,23,1193.7404,4932.872,0.0782608695652174,Corporate,South
DH-13675,11,116.667,1043.096,0.12272727272727274,Home Office,East
DJ-13420,5,483.03499999999997,2012.52,0.0,Corporate,South
DJ-13510,13,345.2521,2501.6879999999996,0.06923076923076923,Corporate,South
DJ-13630,8,731.5644,3356.398,0.0625,Consumer,East
DK-12835,27,881.1228000000001,3256.48,0.17777777777777778,Corporate,West
DK-12895,15,937.6496,4282.176,0.08000000000000002,Consumer,Central
DK-12985,8,-107.35379999999998,1687.04,0.1625,Consumer,South
DK-13090,13,536.3935,2650.557,0.13846153846153847,Consumer,West
DK-13150,5,249.9447,797.832,0.12000000000000002,Corporate,Central
DK-13225,19,209.89940000000004,4802.394,0.19473684210526318,Corporate,East
DK-13375,23,377.0799,3318.486,0.10869565217391304,Consumer,East
DL-12865,14,322.2449,1503.112,0.15,Consumer,East
DL-12925,14,4.213200000000029,3272.2,0.03571428571428571,Consumer,West
DL-13315,17,288.8732,1458.258,0.1823529411764706,Consumer,East
DL-13330,8,222.6812,585.02,0.05,Consumer,West
DL-13495,12,-52.78799999999997,3539.322,0.05000000000000001,Corporate,West
DM-12955,9,108.7583,1322.034,0.16666666666666666,Corporate,Central
DM-13015,20,1677.3931,6345.103,0.22999999999999998,Consumer,West
DM-13345,13,1319.0586,4074.4719999999998,0.1,Corporate,South
DM-13525,10,199.7688,1376.792,0.16999999999999998,Corporate,Central
DN-13690,11,540.5405000000001,2139.79,0.018181818181818184,Consumer,West
DO-13435,13,-38.90860000000001,1300.0315,0.15769230769230771,Consumer,South
DO-13645,11,294.0676,1267.316,0.09090909090909091,Consumer,West
DP-13000,17,241.4524,1050.636,0.2117647058823529,Consumer,Central
DP-13105,14,563.1761,2215.002,0.1142857142857143,Corporate,West
DP-13165,4,-40.93759999999999,1058.616,0.15000000000000002,Consumer,East
DP-13390,14,1571.8318,5480.723999999999,0.18571428571428572,Home Office,Central
DR-12880,24,1641.8613,6528.034000000001,0.13333333333333333,Corporate,Central
DR-12940,13,2869.0759999999996,8350.868,0.15384615384615383,Home Office,East
DS-13030,19,193.3319,1762.213,0.1394736842105263,Home Office,West
DS-13180,20,163.6993,2881.8128,0.15350000000000003,Corporate,Central
DV-13045,9,-427.184,1119.483,0.17222222222222222,Corporate,West
DV-13465,15,353.2127,3341.587,0.11333333333333334,Consumer,West
DW-13195,9,-86.87379999999999,1080.751,0.24444444444444446,Corporate,Central
DW-13480,11,1348.7556,5271.628,0.03636363636363637,Home Office,Central
DW-13540,9,69.6672,344.08,0.17777777777777778,Consumer,West
DW-13585,10,-266.8966,1204.854,0.17,Corporate,East
Dl-13600,6,175.2388,755.602,0.21666666666666667,Corporate,Central
Dp-13240,29,333.36479999999995,7198.7609999999995,0.18620689655172415,Home Office,West
EA-14035,25,-52.74059999999998,2846.705,0.3,Corporate,South
EB-13705,12,13.621500000000005,3644.978,0.25833333333333336,Corporate,East
EB-13750,20,-80.28599999999999,3236.314,0.145,Corporate,West
EB-13840,8,656.1988,4358.128,0.125,Corporate,West
EB-13870,11,261.5315,2767.219,0.29090909090909095,Consumer,West
EB-13930,7,0.6042000000000058,944.6000000000001,0.17142857142857143,Consumer,West
EB-13975,6,162.8781,1643.255,0.2833333333333333,Corporate,West
EB-14110,11,184.7656,3071.126,0.2090909090909091,Consumer,East
EB-14170,7,282.1701,1186.326,0.2285714285714286,Consumer,South
EC-14050,7,96.4256,461.914,0.09999999999999999,Consumer,East
ED-13885,14,670.4435000000001,3484.92,0.21428571428571427,Home Office,West
EG-13900,9,104.2656,1832.02,0.2,Consumer,East
EH-13765,32,1393.5154,10310.880000000001,0.07187500000000001,Corporate,East
EH-13945,17,53.53980000000001,684.1709999999999,0.29411764705882354,Consumer,West
EH-13990,8,150.3759,825.9499999999999,0.0625,Consumer,South
EH-14005,11,-94.14079999999997,1219.53,0.17272727272727273,Home Office,West
EH-14125,18,96.27019999999999,3082.653,0.20555555555555557,Home Office,Central
EH-14185,8,242.1107,923.884,0.28750000000000003,Consumer,South
EJ-13720,8,387.0176,2162.174,0.175,Consumer,West
EJ-14155,8,451.87550000000005,2656.691,0.0625,Consumer,South
EK-13795,4,97.10659999999999,1303.478,0.0875,Home Office,West
EL-13735,2,27.1154,124.28,0.0,Home Office,East
EM-13810,7,-133.8275,2567.0099999999998,0.14285714285714285,Corporate,West
EM-13825,16,682.5541999999999,2339.598,0.0625,Corporate,Central
EM-13960,6,102.29599999999999,933.704,0.2333333333333333,Consumer,East
EM-14065,6,40.15459999999999,228.99,0.25,Consumer,East
EM-14095,10,240.2362,1041.0420000000001,0.1,Corporate,West
EM-14140,21,1319.3655,4588.436000000001,0.06666666666666668,Home Office,West
EM-14200,4,21.7721,366.822,0.125,Home Office,South
EN-13780,9,496.1131,2199.366,0.044444444444444446,Consumer,East
EP-13915,31,144.9578,5478.0608,0.19741935483870968,Consumer,Central
ER-13855,5,-295.7398,1245.788,0.2,Corporate,Central
ES-14020,8,1003.2935,3510.4579999999996,0.125,Consumer,West
ES-14080,20,246.6661,4657.924,0.26,Corporate,South
FA-14230,17,520.5229,2984.054,0.25882352941176473,Corporate,West
FC-14245,14,1217.1662000000001,3418.742,0.1357142857142857,Home Office,East
FC-14335,10,714.2926,3889.366,0.16,Corporate,Central
FG-14260,11,394.73969999999997,1383.144,0.11818181818181818,Home Office,West
FH-14275,21,1073.2676,4256.272,0.1285714285714286,Corporate,Central
FH-14350,14,706.289,2271.284,0.10714285714285714,Consumer,West
FH-14365,13,2050.2826,6987.196,0.13846153846153847,Corporate,East
FM-14215,15,249.6808,2456.638,0.09333333333333334,Corporate,East
FM-14290,20,198.10949999999997,3736.198,0.18,Home Office,West
FM-14380,14,191.4898,2523.266,0.15714285714285717,Consumer,West
FO-14305,15,215.59689999999998,2678.438,0.22,Consumer,East
FP-14320,14,406.44730000000004,4046.746,0.13571428571428573,Consumer,West
FW-14395,3,23.491300000000003,79.75,0.0,Corporate,South
GA-14515,14,840.899,3919.7760000000003,0.0642857142857143,Consumer,West
GA-14725,22,136.70790000000002,1398.382,0.17954545454545456,Consumer,East
GB-14530,20,7.837100000000003,1568.44,0.16999999999999998,Corporate,East
GB-14575,16,1135.8393,4716.288,0.037500000000000006,Consumer,East
GD-14590,6,230.93729999999996,1888.07,0.13333333333333333,Corporate,East
GG-14650,24,12.698500000000008,2224.0,0.15,Corporate,South
GH-14410,17,-576.8335,2819.4669999999996,0.27058823529411763,Home Office,West
GH-14425,10,1176.4181,4172.8460000000005,0.19,Consumer,West
GH-14485,3,-95.4498,1361.2440000000001,0.4666666666666666,Corporate,Central
GH-14665,3,-5.810200000000001,146.94080000000002,0.24,Consumer,Central
GK-14620,14,1448.5525,6497.27,0.15714285714285717,Corporate,West
GM-14440,11,347.266,3582.8199999999997,0.11818181818181818,Consumer,West
GM-14455,12,793.2814000000001,3078.624,0.16666666666666666,Home Office,Central
GM-14500,13,441.3185,1255.682,0.11538461538461539,Consumer,East
GM-14680,11,35.48649999999999,3163.628,0.14545454545454548,Consumer,West
GM-14695,11,188.7235,6049.966,0.05454545454545456,Corporate,West
GP-14740,5,31.837600000000002,236.53,0.13999999999999999,Corporate,East
GR-14560,5,359.83320000000003,1284.38,0.0,Corporate,West
GT-14635,6,-4108.6589,9351.212,0.25,Corporate,South
GT-14710,29,2163.4269,11820.119999999999,0.1,Consumer,Central
GT-14755,7,-6.139200000000002,226.436,0.2,Consumer,Central
GW-14605,9,-268.54229999999995,2189.019,0.15555555555555556,Consumer,West
GZ-14470,14,1087.7539,4355.150000000001,0.07857142857142858,Consumer,Central
GZ-14545,5,828.661,2454.6220000000003,0.04,Corporate,East
HA-14905,10,270.8574,2163.3,0.22999999999999998,Consumer,East
HA-14920,18,99.1445,2584.158,0.2,Consumer,West
HD-14785,7,-135.87599999999998,251.36,0.3,Home Office,East
HE-14800,11,274.4028,883.5319999999999,0.018181818181818184,Corporate,Central
HF-14995,19,-13.876799999999989,2533.1639999999998,0.13157894736842105,Consumer,Central
HG-14845,10,147.0032,785.628,0.19,Consumer,South
HG-14965,17,-2797.9635000000003,3247.642,0.17058823529411765,Corporate,West
HG-15025,11,804.6113,3690.284,0.17272727272727273,Consumer,Central
HH-15010,6,86.7342,218.668,0.03333333333333333,Corporate,West
HJ-14875,6,98.6548,358.1,0.10000000000000002,Home Office,South
HK-14890,15,956.9451,4877.784,0.21333333333333335,Corporate,South
HL-15040,11,5622.4292000000005,12873.297999999999,0.018181818181818184,Consumer,Central
HM-14860,20,2437.9836,8236.7648,0.231,Corporate,East
HM-14980,7,117.2755,736.276,0.17142857142857146,Consumer,East
HP-14815,10,373.8637,1990.314,0.3,Home Office,Central
HR-14770,13,185.5794,1299.288,0.04615384615384616,Home Office,West
HR-14830,14,1196.9504,5248.787,0.09999999999999999,Corporate,West
HW-14935,20,2164.1611,9300.254,0.045,Corporate,West
HZ-14950,6,-130.3879,886.52,0.19999999999999998,Consumer,East
IG-15085,7,320.4982,744.574,0.028571428571428574,Consumer,West
IL-15100,14,1121.937,5040.736,0.07142857142857142,Consumer,West
IM-15055,4,975.7701,2872.63,0.1,Consumer,West
IM-15070,21,514.6527,4930.474,0.16666666666666666,Consumer,West
JA-15970,24,-819.4217000000001,6491.026,0.2125,Consumer,West
JB-15400,16,156.05319999999998,1791.605,0.20625000000000002,Corporate,Central
JB-15925,8,-286.9808,900.552,0.3,Consumer,East
JB-16000,7,126.76490000000001,644.1188,0.07428571428571429,Consumer,Central
JB-16045,9,201.51850000000002,2518.115,0.1888888888888889,Home Office,South
JC-15340,4,-0.35560000000000036,71.263,0.22499999999999998,Consumer,West
JC-15385,4,502.92440000000005,1058.108,0.05,Consumer,West
JC-15775,16,279.56919999999997,2772.055,0.12187500000000001,Consumer,Central
JC-16105,9,201.5952,858.576,0.044444444444444446,Corporate,South
JD-15790,7,-266.55249999999995,2152.352,0.17142857142857146,Consumer,Central
JD-15895,32,1050.2667999999999,7610.8640000000005,0.075,Corporate,East
JD-16015,11,26.7605,385.43,0.3090909090909091,Consumer,Central
JD-16060,6,111.11410000000001,695.442,0.049999999999999996,Consumer,West
JD-16150,17,1619.5199,8828.0305,0.05588235294117647,Corporate,Central
JE-15475,13,276.2197,1388.682,0.18461538461538465,Consumer,East
JE-15610,20,1623.4019,7754.976,0.16,Corporate,Central
JE-15715,22,1262.2926,8697.842999999999,0.3227272727272727,Consumer,West
JE-15745,23,221.79670000000002,6760.8150000000005,0.14565217391304347,Consumer,South
JE-16165,7,789.6476,2697.248,0.028571428571428574,Corporate,Central
JF-15190,19,575.1259,2279.5860000000002,0.12105263157894736,Consumer,West
JF-15295,14,97.28899999999999,955.124,0.1142857142857143,Consumer,West
JF-15355,16,330.199,1911.844,0.07500000000000001,Consumer,Central
JF-15415,14,635.6376,2371.448,0.07142857142857142,Consumer,East
JF-15490,15,-18.06730000000001,1082.918,0.14666666666666667,Consumer,West
JF-15565,16,1073.2088,4198.332,0.17500000000000002,Consumer,Central
JG-15115,7,684.1911,2358.676,0.24285714285714288,Consumer,West
JG-15160,18,1415.6664,6366.392,0.1111111111111111,Consumer,West
JG-15310,11,3.7976000000000063,2240.58,0.2545454545454545,Corporate,East
JG-15805,9,206.1019,1507.018,0.06666666666666668,Corporate,East
JH-15430,7,-24.077100000000005,309.281,0.31428571428571433,Consumer,South
JH-15820,8,26.082199999999997,528.91,0.15000000000000002,Consumer,East
JH-15910,9,-13.554499999999996,959.477,0.14444444444444446,Consumer,West
JH-15985,14,-644.6982,7954.9980000000005,0.08571428571428573,Consumer,Central
JH-16180,5,-96.95300000000002,2256.3940000000002,0.22000000000000003,Consumer,West
JJ-15445,6,200.5558,709.178,0.06666666666666667,Consumer,West
JJ-15760,3,34.449200000000005,195.0,0.06666666666666667,Home Office,South
JK-15205,13,1219.983,4427.142,0.13076923076923078,Consumer,West
JK-15325,4,55.32769999999999,383.812,0.1,Corporate,Central
JK-15370,17,330.2838,2709.632,0.12352941176470589,Consumer,West
JK-15625,12,750.9485,3760.028,0.11666666666666668,Consumer,West
JK-15640,12,1172.5303,4760.434,0.10000000000000002,Home Office,East
JK-15730,20,55.0483,4867.2,0.3325,Consumer,South
JK-16090,9,586.6625,3747.668,0.19999999999999998,Consumer,Central
JK-16120,17,122.6566,2932.484,0.20588235294117646,Home Office,Central
JL-15130,12,-207.79559999999998,1214.956,0.26666666666666666,Consumer,Central
JL-15175,7,209.2817,1571.523,0.21428571428571427,Home Office,South
JL-15235,10,54.51740000000002,2203.7,0.22000000000000003,Consumer,Central
JL-15505,17,591.7163,3173.874,0.07058823529411766,Consumer,East
JL-15835,34,228.907,9799.923,0.08823529411764706,Consumer,West
JL-15850,11,779.9046,2725.256,0.23636363636363636,Consumer,East
JM-15250,19,19.82350000000004,3159.1220000000003,0.2894736842105263,Consumer,South
JM-15265,13,502.6143,1804.146,0.13846153846153847,Corporate,East
JM-15535,10,356.5395,1733.443,0.09,Consumer,East
JM-15580,7,113.1204,303.948,0.1142857142857143,Consumer,South
JM-15655,12,117.20400000000001,864.947,0.15833333333333335,Corporate,East
JM-15865,13,1574.6163999999999,7625.076000000001,0.1846153846153846,Consumer,East
JM-16195,19,754.1144,2833.9260000000004,0.06315789473684212,Consumer,West
JO-15145,13,581.4045,3254.949,0.07307692307692308,Corporate,East
JO-15280,11,202.13619999999997,1934.272,0.17272727272727273,Consumer,West
JO-15550,11,167.6709,1090.838,0.23636363636363636,Home Office,East
JP-15460,15,429.7465,1669.135,0.14,Corporate,East
JP-15520,16,757.1802,3635.594,0.059375000000000004,Consumer,West
JP-16135,13,309.7116,1707.71,0.15384615384615385,Home Office,South
JR-15670,3,-785.1645,1156.658,0.3,Consumer,East
JR-15700,1,107.985,863.88,0.2,Consumer,South
JR-16210,10,452.37300000000005,2201.686,0.22000000000000003,Corporate,East
JS-15595,8,-175.54899999999998,1417.654,0.3125,Corporate,West
JS-15685,11,-54.8692,1131.0639999999999,0.20909090909090908,Corporate,West
JS-15880,9,564.9798000000001,3868.02,0.14666666666666667,Consumer,West
JS-15940,8,-327.9336,469.169,0.3375,Home Office,Central
JS-16030,18,-311.25749999999994,2516.494,0.18333333333333332,Consumer,Central
JW-15220,14,2173.7093999999997,7721.714,0.07142857142857142,Corporate,West
JW-15955,11,-29.575899999999987,1244.086,0.08181818181818182,Consumer,West
JW-16075,7,154.06369999999998,1428.731,0.32857142857142857,Consumer,East
KA-16525,11,234.9194,1519.506,0.05454545454545456,Consumer,West
KB-16240,10,763.9076,3152.6150000000002,0.15,Corporate,West
KB-16315,22,49.71929999999999,1569.464,0.19545454545454544,Consumer,Central
KB-16405,9,274.297,908.821,0.044444444444444446,Home Office,West
KB-16585,23,579.3551,2744.742,0.10869565217391304,Corporate,Central
KB-16600,9,293.55240000000003,983.922,0.2666666666666667,Corporate,Central
KC-16255,10,846.1217,2120.954,0.02,Corporate,West
KC-16540,5,709.4219,3908.262,0.2,Consumer,West
KC-16675,7,156.7797,1146.05,0.08571428571428573,Corporate,West
KD-16270,16,1107.6952000000003,8282.358,0.1875,Consumer,South
KD-16345,10,328.5942,1888.964,0.13,Consumer,West
KD-16495,28,3038.6254,8181.256,0.08750000000000001,Corporate,East
KD-16615,13,539.7219,2243.5099999999998,0.1076923076923077,Corporate,West
KE-16420,15,397.87989999999996,1686.7312,0.21466666666666667,Corporate,South
KF-16285,18,1660.1386,10604.266,0.03333333333333334,Home Office,West
KH-16330,18,454.7871,3312.864,0.1388888888888889,Corporate,South
KH-16360,14,528.2051,3100.612,0.15,Consumer,East
KH-16510,23,656.1162,5952.859,0.10869565217391304,Consumer,West
KH-16630,17,727.3786,3918.9660000000003,0.10588235294117647,Corporate,Central
KH-16690,15,1227.5091,5990.799,0.12666666666666665,Corporate,West
KL-16555,22,-182.78130000000002,5016.488,0.29545454545454547,Corporate,West
KL-16645,29,806.855,14175.229000000001,0.19999999999999998,Consumer,Central
KM-16225,19,635.1057000000001,2260.958,0.021052631578947368,Corporate,East
KM-16375,20,973.7901999999999,5620.186,0.13999999999999999,Home Office,South
KM-16660,9,91.1391,453.538,0.044444444444444446,Consumer,South
KM-16720,28,745.7685,4909.472,0.08928571428571429,Consumer,West
KN-16390,17,-151.1518,2617.272,0.21764705882352942,Corporate,West
KN-16450,8,114.3083,2171.962,0.28125,Corporate,South
KN-16705,15,329.76250000000005,2280.58,0.12000000000000001,Home Office,West
KS-16300,4,0.11099999999999888,88.472,0.275,Corporate,West
KT-16465,14,254.0032,3057.1,0.2285714285714286,Consumer,West
KT-16480,13,194.0671,4642.088400000001,0.14769230769230768,Consumer,East
KW-16435,10,1756.135,4416.5199999999995,0.11000000000000001,Consumer,East
KW-16570,5,107.92699999999999,449.096,0.04,Consumer,South
LA-16780,26,2059.1199,8673.222,0.11538461538461539,Corporate,Central
LB-16735,3,18.6507,50.188,0.26666666666666666,Consumer,Central
LB-16795,24,-52.19099999999998,4985.676,0.23750000000000002,Home Office,Central
LC-16870,30,-188.25110000000004,2580.7039999999997,0.24000000000000002,Consumer,West
LC-16885,23,1288.3469,7663.126,0.1565217391304348,Consumer,West
LC-16930,14,288.26599999999996,4492.946,0.17142857142857143,Corporate,Central
LC-16960,7,299.48019999999997,3246.626,0.2857142857142857,Home Office,South
LC-17050,9,86.77799999999999,2095.064,0.27222222222222225,Consumer,West
LC-17140,19,231.12520000000004,2633.582,0.18421052631578946,Consumer,Central
LD-16855,1,0.4641,5.304,0.2,Corporate,Central
LD-17005,7,557.1714,1961.934,0.028571428571428574,Consumer,West
LE-16810,9,161.76489999999998,1469.45,0.2555555555555556,Consumer,West
LF-17185,16,-3583.977,3930.5089999999996,0.31875,Consumer,South
LH-16750,3,12.627699999999999,287.426,0.3666666666666667,Consumer,South
LH-16900,15,526.0727,2295.332,0.12666666666666665,Consumer,East
LH-17020,6,-242.73989999999998,318.239,0.4666666666666666,Consumer,East
LH-17155,19,316.5202,1739.689,0.07894736842105263,Consumer,West
LL-16840,12,560.0078,2741.2039999999997,0.016666666666666666,Consumer,East
LM-17065,7,-44.87799999999999,1346.774,0.05714285714285715,Consumer,East
LO-17170,9,150.1712,644.35,0.25555555555555554,Corporate,West
LP-17080,9,110.7813,756.606,0.1111111111111111,Consumer,West
LP-17095,15,338.44539999999995,3653.399,0.18666666666666665,Consumer,South
LR-16915,16,535.4764,5142.892,0.17500000000000002,Consumer,West
LR-17035,12,-382.8079,1879.306,0.27499999999999997,Corporate,East
LS-16945,14,-318.77369999999996,2845.27,0.3071428571428571,Corporate,East
LS-16975,22,262.63669999999996,2988.674,0.2818181818181818,Home Office,West
LS-17200,14,244.197,1010.2560000000001,0.2,Corporate,Central
LS-17230,6,39.1952,368.88000000000005,0.11666666666666665,Consumer,East
LS-17245,12,348.3584,1008.1360000000001,0.08333333333333333,Consumer,Central
LT-16765,3,59.036,329.876,0.13333333333333333,Consumer,West
LT-17110,14,320.973,2936.252,0.24642857142857144,Consumer,West
LW-16825,15,32.5767,2238.061,0.20666666666666667,Corporate,South
LW-16990,11,662.8339000000001,3230.308,0.10909090909090911,Corporate,West
LW-17125,5,192.6312,1259.04,0.0,Consumer,East
LW-17215,15,837.2411,5420.514,0.16666666666666666,Consumer,West
MA-17560,34,1240.2266,4299.161,0.09411764705882353,Home Office,Central
MA-17995,12,280.7822,2453.284,0.041666666666666664,Home Office,East
MB-17305,19,212.425,1548.702,0.17368421052631577,Consumer,East
MB-18085,10,117.8057,1428.231,0.2,Consumer,East
MC-17275,13,461.0014,2725.982,0.13076923076923078,Consumer,South
MC-17425,10,1802.3903,4432.138,0.12,Corporate,South
MC-17575,11,210.7493,1303.893,0.29090909090909095,Consumer,East
MC-17590,17,288.98409999999996,2426.067,0.17058823529411765,Corporate,East
MC-17605,18,195.4486,2258.192,0.2222222222222222,Corporate,Central
MC-17635,8,-247.94350000000003,795.154,0.17500000000000002,Corporate,Central
MC-17845,14,698.4174,3805.714,0.09999999999999999,Consumer,South
MC-18100,19,-64.1668,2218.98,0.26842105263157895,Consumer,Central
MC-18130,11,121.7565,1581.9979999999998,0.05454545454545456,Corporate,South
MD-17350,17,-241.94999999999996,3766.382,0.32941176470588235,Consumer,South
MD-17860,8,-4.040300000000002,1204.91,0.2875,Corporate,Central
ME-17320,22,1859.4695,10663.728000000001,0.1318181818181818,Home Office,South
ME-17725,13,77.81280000000001,1908.4532,0.2246153846153846,Consumer,West
ME-18010,6,107.3604,1256.944,0.16666666666666666,Corporate,West
MF-17665,8,-341.52650000000006,937.039,0.13749999999999998,Corporate,East
MF-18250,12,456.86080000000004,1758.3,0.06666666666666667,Corporate,West
MG-17650,14,341.898,3785.276,0.1285714285714286,Home Office,East
MG-17680,10,25.888599999999972,2350.188,0.225,Home Office,East
MG-17695,7,-398.79319999999996,1342.282,0.2571428571428572,Consumer,East
MG-17875,7,-470.7684,1242.8329999999999,0.24285714285714288,Home Office,East
MG-17890,13,171.7372,776.384,0.11923076923076924,Home Office,East
MG-18145,8,-93.603,3061.543,0.1875,Consumer,East
MG-18205,2,-1.2453,16.739,0.44999999999999996,Corporate,South
MH-17290,13,28.761200000000038,2394.025,0.18846153846153849,Home Office,West
MH-17440,9,61.428599999999996,400.016,0.07777777777777778,Corporate,East
MH-17455,11,484.77330000000006,2456.1820000000002,0.16363636363636364,Consumer,South
MH-17620,6,122.3612,1252.8,0.23333333333333336,Corporate,West
MH-17785,11,238.5614,2203.7780000000002,0.07272727272727274,Corporate,East
MH-18025,10,476.9032,2984.948,0.13,Consumer,West
MH-18115,22,170.9746,5503.093,0.16818181818181818,Home Office,East
MJ-17740,15,1054.5529000000001,6320.746,0.21333333333333335,Consumer,West
MK-17905,17,-405.3559,2302.368,0.3,Corporate,East
MK-18160,11,227.83380000000002,1031.602,0.0818181818181818,Consumer,South
ML-17395,20,684.9162,2722.843,0.17250000000000001,Corporate,West
ML-17410,15,-76.17550000000003,2921.5,0.16666666666666666,Consumer,East
ML-17755,13,409.51120000000003,2071.9139999999998,0.1076923076923077,Home Office,South
ML-18040,4,138.71620000000001,742.082,0.25,Corporate,West
ML-18265,3,42.6648,162.232,0.06666666666666667,Consumer,West
MM-17260,6,178.402,1314.023,0.13333333333333333,Consumer,East
MM-17920,16,82.12499999999997,3794.0800000000004,0.18125,Consumer,West
MM-18055,19,-520.3443,2749.881,0.21052631578947367,Consumer,West
MM-18280,12,58.8916,775.414,0.14166666666666666,Corporate,Central
MN-17935,10,290.8227,2477.946,0.26,Consumer,Central
MO-17500,5,59.357699999999994,922.487,0.22000000000000003,Consumer,East
MO-17800,11,169.34369999999998,1687.0269999999998,0.16363636363636364,Home Office,East
MO-17950,4,-82.0074,154.288,0.35000000000000003,Consumer,Central
MP-17470,14,600.2873,3206.132,0.12142857142857144,Home Office,East
MP-17965,20,638.1563,3983.6420000000003,0.255,Corporate,East
MP-18175,19,226.4529,5087.92,0.15526315789473685,Home Office,West
MR-17545,6,162.9363,639.178,0.20000000000000004,Home Office,East
MS-17365,24,844.9354999999998,7443.6900000000005,0.16041666666666668,Consumer,Central
MS-17530,7,84.0268,475.65599999999995,0.15714285714285717,Consumer,West
MS-17710,15,247.4348,1613.402,0.22,Consumer,West
MS-17770,19,280.85839999999996,3144.678,0.09999999999999999,Consumer,East
MS-17830,5,19.431199999999997,370.348,0.18,Consumer,Central
MS-17980,11,55.226,855.116,0.17272727272727273,Corporate,Central
MT-17815,10,509.0068,2890.139,0.12999999999999998,Consumer,West
MT-18070,11,-23.676300000000005,1319.4498,0.2427272727272727,Home Office,West
MV-17485,15,189.0258,1560.05,0.24000000000000002,Consumer,South
MV-18190,11,273.8582,1734.574,0.08636363636363636,Consumer,East
MW-18220,14,1238.422,5341.900000000001,0.07857142857142858,Consumer,East
MW-18235,3,1665.516,5253.876,0.06666666666666667,Corporate,South
MY-17380,13,319.1211,2254.285,0.3076923076923077,Corporate,West
MY-18295,21,-371.7111,4152.696,0.2438095238095238,Corporate,Central
MZ-17335,6,85.01910000000001,593.606,0.06666666666666667,Home Office,West
MZ-17515,10,787.7503,2564.906,0.27999999999999997,Corporate,West
NB-18580,2,24.788800000000002,273.87199999999996,0.1,Corporate,East
NB-18655,17,117.6429,1972.599,0.1735294117647059,Corporate,Central
NC-18340,17,580.3075,2461.404,0.0411764705882353,Consumer,Central
NC-18415,14,-2204.8072,2218.9900000000002,0.2642857142857143,Consumer,South
NC-18535,15,1314.758,8241.739,0.13666666666666666,Corporate,Central
NC-18625,9,-359.02099999999996,1821.742,0.24444444444444446,Corporate,West
ND-18370,18,353.64549999999997,4326.139,0.21111111111111114,Consumer,South
ND-18460,8,443.33680000000004,2893.455,0.0875,Corporate,South
NF-18385,14,-1695.9714,8322.826,0.25,Consumer,South
NF-18475,4,85.92779999999999,377.16200000000003,0.25,Home Office,Central
NF-18595,12,388.2131,2031.472,0.11666666666666668,Home Office,East
NG-18355,16,313.63349999999997,1869.58,0.08750000000000001,Corporate,East
NG-18430,9,217.0893,1395.9379999999999,0.1111111111111111,Consumer,East
NH-18610,11,760.1666,2673.29,0.05454545454545456,Corporate,Central
NK-18490,11,121.2177,572.048,0.1272727272727273,Home Office,West
NL-18310,10,343.6381,1418.0900000000001,0.06000000000000001,Home Office,West
NM-18445,14,2751.6848999999997,6459.344,0.042857142857142864,Home Office,East
NM-18520,15,788.9525000000001,2161.979,0.26,Consumer,West
NP-18325,21,1208.8890000000001,5529.62,0.05714285714285715,Consumer,South
NP-18670,10,514.6002,3908.402,0.02,Consumer,Central
NP-18685,7,514.5017,1228.698,0.18571428571428572,Home Office,East
NP-18700,13,631.2282,7903.1825,0.19615384615384618,Consumer,West
NR-18550,13,-25.148799999999966,2367.277,0.22307692307692306,Consumer,Central
NS-18505,15,-12.303999999999997,2575.863,0.20666666666666667,Consumer,Central
NS-18640,26,-234.7714,2964.823,0.21538461538461537,Corporate,Central
NW-18400,22,1023.123,7234.014,0.21363636363636365,Consumer,West
NZ-18565,20,402.4236,2488.31,0.175,Home Office,East
ON-18715,15,-5.88900000000001,1567.52,0.16,Corporate,Central
OT-18730,10,-925.1203,3818.624,0.15999999999999998,Consumer,West
PA-19060,7,225.8588,729.408,0.1857142857142857,Home Office,Central
PB-18805,10,229.2257,740.356,0.12000000000000002,Home Office,West
PB-19105,5,218.15970000000002,688.324,0.12000000000000002,Consumer,Central
PB-19150,11,280.6606,1456.95,0.1272727272727273,Consumer,West
PB-19210,2,21.897000000000002,132.738,0.1,Corporate,Central
PC-18745,5,272.685,1832.064,0.22000000000000003,Corporate,West
PC-19000,3,-184.3364,1061.488,0.13333333333333333,Home Office,West
PF-19120,19,-614.2943000000001,9062.864,0.12105263157894738,Consumer,West
PF-19165,10,196.87389999999996,2770.0,0.05,Consumer,Central
PF-19225,10,591.3118000000001,2206.1279999999997,0.06000000000000001,Consumer,West
PG-18820,26,137.46130000000002,3086.907,0.16923076923076924,Consumer,West
PG-18895,17,334.5163,1987.164,0.09411764705882353,Consumer,Central
PH-18790,2,47.8878,729.648,0.2,Home Office,South
PJ-18835,13,442.1355,1220.09,0.07692307692307693,Corporate,South
PJ-19015,10,682.9979000000001,1824.2340000000002,0.08,Consumer,West
PK-18910,3,-798.705,1441.152,0.3666666666666667,Home Office,East
PK-19075,25,2038.2676000000001,8646.934,0.07600000000000001,Consumer,Central
PL-18925,8,-0.7527000000000026,239.481,0.25,Home Office,Central
PM-18940,4,157.8768,1405.402,0.15,Consumer,Central
PM-19135,7,526.7537,4115.662,0.1285714285714286,Home Office,Central
PN-18775,13,192.0396,1467.152,0.12307692307692308,Home Office,East
PO-18850,22,38.47569999999996,7473.8282,0.21,Consumer,East
PO-18865,13,437.8533,2493.214,0.04615384615384616,Consumer,Central
PO-19180,18,1155.4331,4893.043,0.10555555555555557,Home Office,Central
PO-19195,10,-49.70089999999999,1056.858,0.19,Home Office,Central
PP-18955,34,1495.0854,7252.608,0.1088235294117647,Home Office,South
PR-18880,12,247.6226,1840.178,0.11666666666666668,Consumer,West
PS-18760,21,-134.441,2181.479,0.22380952380952382,Consumer,West
PS-18970,13,198.5099,1278.639,0.05384615384615384,Home Office,Central
PS-19045,13,1742.7296999999999,6843.634,0.0846153846153846,Home Office,South
PT-19090,7,-20.0508,160.572,0.37142857142857144,Consumer,Central
PV-18985,13,434.52840000000003,2876.046,0.08461538461538462,Home Office,West
PW-19030,13,803.8169,3454.916,0.038461538461538464,Corporate,South
PW-19240,12,1290.354,3922.4150000000004,0.1708333333333333,Consumer,West
QJ-19255,13,1203.6768,6108.338,0.12307692307692308,Corporate,Central
RA-19285,17,546.0882,2617.906,0.1647058823529412,Consumer,East
RA-19885,15,1292.8656,3832.314,0.04000000000000001,Corporate,West
RA-19915,22,304.8673,4793.543,0.27954545454545454,Consumer,Central
RA-19945,9,-445.695,1686.9225,0.31666666666666665,Consumer,West
RB-19330,6,-164.40619999999998,1008.1959999999999,0.3166666666666667,Consumer,East
RB-19360,18,6976.0959,15117.339,0.09444444444444444,Consumer,East
RB-19435,16,477.23990000000003,2663.0860000000002,0.1625,Consumer,Central
RB-19465,23,640.5466,4715.466,0.13478260869565217,Home Office,Central
RB-19570,9,76.8879,528.546,0.16666666666666666,Consumer,Central
RB-19645,7,72.679,221.084,0.14285714285714285,Corporate,West
RB-19705,7,243.07549999999998,2067.45,0.1571428571428571,Home Office,West
RB-19795,18,-461.73319999999995,5633.316000000001,0.25,Home Office,South
RC-19825,10,63.991400000000006,966.409,0.11000000000000001,Consumer,Central
RC-19960,11,10.563300000000002,885.752,0.17272727272727273,Consumer,East
RD-19480,15,480.594,4272.93,0.10666666666666667,Consumer,West
RD-19585,19,734.5158,2912.8940000000002,0.03157894736842106,Consumer,South
RD-19660,5,835.772,2786.632,0.08,Home Office,Central
RD-19720,20,207.3304,1419.737,0.1575,Consumer,South
RD-19810,16,318.4625,1137.616,0.1875,Home Office,West
RD-19900,21,455.5292,3133.924,0.05714285714285715,Consumer,West
RD-19930,10,35.05740000000001,970.9420000000001,0.31,Consumer,Central
RE-19405,1,6.045,48.36,0.2,Consumer,East
RE-19450,9,209.2294,876.696,0.13333333333333333,Consumer,Central
RF-19345,16,633.7072000000001,3309.15,0.1375,Corporate,East
RF-19735,14,711.6168,2341.2960000000003,0.014285714285714287,Consumer,Central
RF-19840,11,280.0261,945.222,0.0818181818181818,Consumer,East
RH-19495,8,563.7877,3621.3759999999997,0.1,Consumer,Central
RH-19510,12,1289.4535,6979.18,0.03333333333333333,Home Office,East
RH-19555,3,0.30570000000000164,740.382,0.5333333333333333,Consumer,South
RH-19600,11,172.6261,2085.7400000000002,0.10909090909090909,Consumer,South
RK-19300,8,269.688,1460.192,0.07500000000000001,Consumer,East
RL-19615,24,488.14840000000004,6234.91,0.21875,Consumer,South
RM-19375,9,392.1499,1453.474,0.044444444444444446,Consumer,Central
RM-19675,11,1902.5438000000001,5979.0960000000005,0.045454545454545456,Home Office,South
RM-19750,2,28.6879,98.35,0.0,Consumer,East
RO-19780,12,-1262.5716000000002,3815.478,0.2916666666666667,Consumer,South
RP-19270,12,59.538399999999996,954.6452,0.19333333333333336,Corporate,West
RP-19390,25,465.25030000000015,5153.084,0.14800000000000002,Consumer,East
RP-19855,15,594.5868,2170.716,0.13333333333333333,Corporate,Central
RR-19315,4,-73.835,615.932,0.27499999999999997,Consumer,West
RR-19525,10,721.6826,3302.2619999999997,0.06000000000000001,Corporate,East
RS-19420,9,633.4513999999999,3221.29,0.0,Corporate,West
RS-19765,14,1206.3851,4159.7699999999995,0.1142857142857143,Corporate,East
RS-19870,3,9.5838,22.328,0.06666666666666667,Home Office,Central
RW-19540,23,1586.6273,7397.401,0.13478260869565217,Corporate,West
RW-19630,16,698.8325,3279.746,0.1375,Corporate,Central
RW-19690,15,707.5503,3495.646,0.07333333333333333,Consumer,South
SA-20830,21,610.1496000000001,4767.3415,0.19285714285714284,Consumer,Central
SB-20170,7,157.6658,1348.02,0.18571428571428572,Consumer,East
SB-20185,12,885.4623999999999,6410.996,0.1416666666666667,Consumer,East
SB-20290,17,-2082.7451,8057.891,0.24117647058823527,Corporate,Central
SC-20020,17,-317.0508,3362.9636,0.21882352941176472,Consumer,Central
SC-20050,15,1011.7443,4624.572,0.18666666666666668,Home Office,East
SC-20095,22,5757.411899999999,14142.333999999999,0.06363636363636364,Consumer,West
SC-20230,11,440.14099999999996,4371.9580000000005,0.10909090909090911,Corporate,Central
SC-20260,18,671.0033999999999,3729.7929999999997,0.19722222222222222,Corporate,West
SC-20305,12,229.1617,3979.065,0.21666666666666667,Consumer,Central
SC-20380,20,236.66149999999996,5992.536,0.19,Consumer,West
SC-20440,10,379.5611,1874.998,0.27999999999999997,Corporate,West
SC-20575,7,100.2253,902.7280000000001,0.34285714285714286,Consumer,Central
SC-20680,8,370.1578,1254.64,0.0,Home Office,South
SC-20695,14,611.8291,2576.408,0.15714285714285717,Corporate,South
SC-20725,26,1276.6513,5226.21,0.15000000000000002,Consumer,East
SC-20770,21,-671.1874,4492.657,0.30476190476190473,Corporate,South
SC-20800,5,51.8252,279.25600000000003,0.12000000000000002,Consumer,Central
SC-20845,4,31.1757,280.632,0.2,Consumer,Central
SD-20485,21,1985.1671999999999,6121.114,0.10476190476190476,Home Office,East
SE-20110,19,2650.6769,12209.438000000002,0.1105263157894737,Consumer,East
SF-20065,9,228.1623,763.5459999999999,0.1,Consumer,East
SF-20200,15,286.9046,3422.7859999999996,0.12666666666666665,Consumer,West
SF-20965,17,539.9352,3336.535,0.2705882352941177,Corporate,Central
SG-20080,11,570.438,3406.5809999999997,0.06818181818181818,Consumer,Central
SG-20470,14,-119.0105,1884.798,0.15,Consumer,East
SG-20605,13,463.269,3124.832,0.09230769230769233,Consumer,East
SG-20890,5,-3.7073,47.946,0.4,Corporate,Central
SH-19975,29,558.4739999999999,3406.8395,0.13620689655172413,Corporate,West
SH-20395,15,-144.5229,2180.718,0.23333333333333334,Consumer,South
SH-20635,2,260.6258,2096.392,0.2,Corporate,South
SJ-20125,24,144.1189,3949.656,0.23333333333333336,Home Office,East
SJ-20215,10,-23.5137,1341.036,0.37,Consumer,Central
SJ-20500,7,68.09629999999999,1318.776,0.14285714285714285,Consumer,Central
SK-19990,5,168.7933,883.409,0.22000000000000003,Consumer,East
SL-20155,9,527.9715,3053.012,0.17777777777777778,Home Office,South
SM-20005,6,-26.5927,244.49399999999997,0.26666666666666666,Consumer,East
SM-20320,15,-1980.7393,25043.05,0.24666666666666667,Home Office,South
SM-20905,6,-237.2885,1043.041,0.2833333333333333,Consumer,East
SM-20950,22,581.5741999999999,5563.392,0.1272727272727273,Corporate,South
SN-20560,15,-716.8565000000001,1860.418,0.1733333333333333,Home Office,West
SN-20710,19,481.74989999999997,3127.9592,0.1168421052631579,Home Office,Central
SO-20335,15,-81.0858,2602.5755,0.1366666666666667,Consumer,South
SP-20545,10,-118.77570000000001,1306.086,0.26,Corporate,East
SP-20620,24,-270.42819999999995,5440.319,0.25,Corporate,East
SP-20650,15,268.4782,1872.4360000000001,0.15333333333333332,Corporate,West
SP-20860,24,566.7226,4282.94,0.20833333333333334,Corporate,East
SP-20920,14,14.692400000000003,3990.689,0.2714285714285714,Consumer,West
SR-20425,9,-3333.9144,3233.481,0.36666666666666664,Home Office,West
SR-20740,12,1990.4243999999999,4345.8859999999995,0.03333333333333333,Home Office,East
SS-20140,21,332.3487,1324.028,0.11428571428571428,Corporate,East
SS-20410,12,-1010.9738,3056.8070000000002,0.25833333333333336,Consumer,West
SS-20515,6,199.93449999999999,613.4,0.0,Home Office,South
SS-20590,9,135.5401,418.49,0.0,Consumer,West
SS-20875,15,-75.586,964.636,0.24000000000000002,Consumer,Central
ST-20530,12,84.4419,433.34000000000003,0.20000000000000004,Consumer,East
SU-20665,18,763.4719,2595.364,0.13333333333333333,Home Office,South
SV-20365,32,1199.4242,11470.949999999999,0.15625,Consumer,East
SV-20785,25,485.0272,4105.305,0.184,Consumer,West
SV-20815,6,199.6502,1271.0900000000001,0.19999999999999998,Corporate,Central
SV-20935,13,106.8912,1903.491,0.23076923076923078,Consumer,East
SW-20245,10,-19.60620000000001,1085.078,0.25999999999999995,Consumer,West
SW-20275,7,332.8725,1966.65,0.028571428571428574,Consumer,South
SW-20350,6,95.8383,1019.044,0.21666666666666667,Home Office,Central
SW-20455,9,793.6548,2921.544,0.1111111111111111,Consumer,South
SW-20755,8,68.2416,758.6959999999999,0.1,Corporate,East
SZ-20035,20,366.43030000000005,3625.329,0.22000000000000003,Home Office,West
TA-21385,10,4703.7883,14595.62,0.07999999999999999,Home Office,East
TB-21055,18,390.2113,1467.881,0.05555555555555555,Consumer,East
TB-21175,11,829.1635,3589.296,0.09090909090909091,Corporate,Central
TB-21190,4,179.0038,816.1740000000001,0.025,Home Office,South
TB-21250,19,260.6155,1602.376,0.2473684210526316,Consumer,East
TB-21280,11,490.9567,2198.45,0.1,Consumer,East
TB-21355,13,268.967,834.328,0.06153846153846154,Corporate,East
TB-21400,17,2798.3689,9133.99,0.07058823529411766,Consumer,West
TB-21520,20,-1603.0451,4737.486,0.265,Consumer,East
TB-21595,7,-136.4091,1387.559,0.2714285714285714,Consumer,Central
TB-21625,15,379.882,2797.668,0.14,Consumer,Central
TC-20980,12,8981.323900000001,19052.218,0.11666666666666665,Corporate,West
TC-21145,4,265.5332,1038.26,0.0,Corporate,East
TC-21295,16,606.3727,4266.812,0.13125,Consumer,West
TC-21475,11,119.104,1244.976,0.2636363636363636,Home Office,South
TC-21535,10,217.933,742.5580000000001,0.11000000000000001,Home Office,South
TD-20995,16,88.1897,1434.5480000000002,0.24375000000000002,Consumer,East
TG-21310,9,682.1704,3058.372,0.2111111111111111,Consumer,West
TG-21640,10,365.7205,2074.661,0.13,Consumer,West
TH-21100,7,-135.2125,2422.824,0.17142857142857146,Consumer,West
TH-21115,9,-252.5539,2942.772,0.23333333333333334,Corporate,East
TH-21235,13,92.729,1022.201,0.2076923076923077,Corporate,Central
TH-21550,13,-571.9678,4234.0960000000005,0.06923076923076922,Home Office,East
TM-21010,19,573.3013,2955.2259999999997,0.05263157894736842,Consumer,West
TM-21490,4,292.52099999999996,1094.6779999999999,0.05,Consumer,Central
TN-21040,12,-692.0452,3130.221,0.19999999999999998,Home Office,West
TP-21130,16,1129.1261,4454.0560000000005,0.08750000000000001,Consumer,East
TP-21415,10,-1087.3898,5329.0048,0.462,Consumer,West
TP-21565,10,139.22869999999995,1936.6399999999999,0.24,Corporate,West
TR-21325,7,220.36440000000002,675.9419999999999,0.028571428571428574,Consumer,East
TS-21085,2,-3.3156,4.833,0.7,Consumer,West
TS-21160,17,260.87440000000004,2163.6240000000003,0.22352941176470587,Corporate,East
TS-21205,19,862.8877,5371.09,0.15789473684210525,Corporate,East
TS-21340,12,-184.97889999999998,974.7819999999999,0.2833333333333333,Consumer,Central
TS-21370,15,2371.7144000000003,11891.751,0.11666666666666667,Corporate,East
TS-21430,7,48.70169999999999,2054.14,0.15714285714285717,Corporate,West
TS-21505,14,11.377899999999983,2243.274,0.19285714285714287,Consumer,South
TS-21610,11,-294.6981,2820.424,0.3727272727272727,Consumer,West
TS-21655,14,220.91629999999998,3368.094,0.19285714285714287,Consumer,Central
TT-21070,14,751.9567,4915.602,0.1142857142857143,Consumer,West
TT-21220,15,278.7371,1427.0439999999999,0.21333333333333335,Consumer,Central
TT-21265,3,93.9162,439.5,0.0,Corporate,West
TT-21460,14,1124.4999,5364.808,0.1285714285714286,Home Office,Central
TW-21025,12,737.3905,5278.826,0.10000000000000002,Home Office,West
TZ-21580,9,224.8887,1707.286,0.08888888888888889,Consumer,West
VB-21745,10,371.2398,2005.596,0.16999999999999998,Corporate,South
VD-21670,16,1617.7874000000002,6442.254,0.07500000000000001,Consumer,South
VF-21715,11,-96.27799999999999,847.944,0.06363636363636363,Home Office,Central
VG-21790,8,143.6268,846.01,0.07500000000000001,Consumer,West
VG-21805,6,-52.333,427.372,0.10000000000000002,Corporate,South
VM-21685,12,513.5269,2454.866,0.10000000000000002,Home Office,East
VM-21835,8,116.6373,380.69,0.11249999999999999,Consumer,East
VP-21730,5,205.3888,993.9019999999999,0.04,Home Office,West
VP-21760,14,-1018.7768,3360.526,0.17142857142857143,Corporate,West
VS-21820,8,-262.8093,1055.981,0.475,Consumer,West
VT-21700,9,-224.08889999999997,1736.596,0.3333333333333333,Home Office,East
VW-21775,18,-874.6645,6134.0380000000005,0.1611111111111111,Corporate,East
WB-21850,37,714.3311,6160.102,0.2054054054054054,Consumer,East
XP-21865,28,621.23,2374.658,0.04642857142857143,Consumer,West
YC-21895,8,1305.629,5454.35,0.07500000000000001,Corporate,West
YS-21880,12,1778.2923,6720.4439999999995,0.05000000000000001,Corporate,South
ZC-21910,31,-1032.1490000000001,8025.707,0.25483870967741934,Consumer,West
ZD-21925,9,249.1307,1493.944,0.1111111111111111,Consumer,West
